REPLACE INTO Library (id, name)
VALUES("00000000-0000-0000-0000-000000000001", "Bücher"),
	("00000000-0000-0000-0000-000000000002", "DVD/Blu-rey"),
	("00000000-0000-0000-0000-000000000003", "Novel");
	
REPLACE INTO Series (id, name, Image, Library, Infotext)
VALUES("00000000-0000-0000-0000-000000000004", "How a Realist Hero Rebuilt the Kingdom", "00000000-0000-0000-0000-000000000004.jpg", "00000000-0000-0000-0000-000000000003", ""),
	("00000000-0000-0000-0000-000000000005", "Ascendance of a Bookworm", "00000000-0000-0000-0000-000000000005.jpg", "00000000-0000-0000-0000-000000000003", ""),
	("00000000-0000-0000-0000-000000000006", "Reborn as a Vending Machine, I Now Wander the Dungeon", "00000000-0000-0000-0000-000000000006.jpg", "00000000-0000-0000-0000-000000000003", ""),
	("00000000-0000-0000-0000-000000000017", "Das Geheimnis von Askir", "00000000-0000-0000-0000-000000000017.jpg", "00000000-0000-0000-0000-000000000001", "Askir ist eine Weltmetropole, das Zentrum der Welt von Richard Schwartz. Das Epos um die Abenteuer in Askir hat eine riesige Fangemeinde und hat bereits zahlreiche Phantastik-Preise eingestrichen."),
	("00000000-0000-0000-0000-000000000018", "Die Götterkriege", "00000000-0000-0000-0000-000000000018.jpg", "00000000-0000-0000-0000-000000000001", "");
	
REPLACE INTO Exemplar (id, name, Infotext, Image, Series, Library, State)
VALUES("00000000-0000-0000-0000-000000000007", "How a Realist Hero Rebuilt the Kingdom Vol. 1", "", "00000000-0000-0000-0000-000000000007.jpg", "00000000-0000-0000-0000-000000000004", "00000000-0000-0000-0000-000000000003", 3),
	("00000000-0000-0000-0000-000000000008", "How a Realist Hero Rebuilt the Kingdom Vol. 2", "", "00000000-0000-0000-0000-000000000008.jpg", "00000000-0000-0000-0000-000000000004", "00000000-0000-0000-0000-000000000003", 3),
	("00000000-0000-0000-0000-000000000009", "How a Realist Hero Rebuilt the Kingdom Vol. 3", "", "00000000-0000-0000-0000-000000000009.jpg", "00000000-0000-0000-0000-000000000004", "00000000-0000-0000-0000-000000000003", 3),
	("00000000-0000-0000-0000-000000000010", "How a Realist Hero Rebuilt the Kingdom Vol. 4", "", "00000000-0000-0000-0000-000000000010.jpg", "00000000-0000-0000-0000-000000000004", "00000000-0000-0000-0000-000000000003", 3),
	("00000000-0000-0000-0000-000000000011", "How a Realist Hero Rebuilt the Kingdom Vol. 5", "", "00000000-0000-0000-0000-000000000011.jpg", "00000000-0000-0000-0000-000000000004", "00000000-0000-0000-0000-000000000003", 3),
	("00000000-0000-0000-0000-000000000012", "How a Realist Hero Rebuilt the Kingdom Vol. 6", "", "00000000-0000-0000-0000-000000000012.jpg", "00000000-0000-0000-0000-000000000004", "00000000-0000-0000-0000-000000000003", 3),
	("00000000-0000-0000-0000-000000000019", "Askir: Die komplette Saga 1", "", "00000000-0000-0000-0000-000000000019.jpg", "00000000-0000-0000-0000-000000000017", "00000000-0000-0000-0000-000000000001", 3),
	("00000000-0000-0000-0000-000000000020", "Askir: Die komplette Saga 2", "", "00000000-0000-0000-0000-000000000020.jpg", "00000000-0000-0000-0000-000000000017", "00000000-0000-0000-0000-000000000001", 3),
	("00000000-0000-0000-0000-000000000021", "Askir: Die komplette Saga 3", "", "00000000-0000-0000-0000-000000000021.jpg", "00000000-0000-0000-0000-000000000017", "00000000-0000-0000-0000-000000000001", 3),
	("00000000-0000-0000-0000-000000000022", "Götterkriege: Die komplette Saga 1", "", "00000000-0000-0000-0000-000000000022.jpg", "00000000-0000-0000-0000-000000000018", "00000000-0000-0000-0000-000000000001", 3),
	("00000000-0000-0000-0000-000000000023", "Götterkriege: Die komplette Saga 2", "", "00000000-0000-0000-0000-000000000023.jpg", "00000000-0000-0000-0000-000000000018", "00000000-0000-0000-0000-000000000001", 3),
	("00000000-0000-0000-0000-000000000024", "Götterkriege: Die komplette Saga 3", "", "00000000-0000-0000-0000-000000000024.jpg", "00000000-0000-0000-0000-000000000018", "00000000-0000-0000-0000-000000000001", 3);
	
REPLACE INTO ExemplarAdditionalInfo (id, Exemplar, Typ, Text)
VALUES("00000000-0000-0000-0000-000000000013", "00000000-0000-0000-0000-000000000007", "IBAN-10", "1626929076"),
	("00000000-0000-0000-0000-000000000027", "00000000-0000-0000-0000-000000000007", "IBAN-13", "978-1626929074"),
	("00000000-0000-0000-0000-000000000014", "00000000-0000-0000-0000-000000000007", "Autor", "Dojyomaru"),
	("00000000-0000-0000-0000-000000000015", "00000000-0000-0000-0000-000000000007", "Verlag", "Seven Seas Entertainment"),
	("00000000-0000-0000-0000-000000000016", "00000000-0000-0000-0000-000000000007", "Erscheinungsdatum", "08.10.2018");
	
REPLACE INTO SeriesAdditionalInfo (id, Series, Typ, Text)
VALUES("00000000-0000-0000-0000-000000000025", "00000000-0000-0000-0000-000000000004", "Autor", "Dojyomaru"),
	("00000000-0000-0000-0000-000000000026", "00000000-0000-0000-0000-000000000004", "Verlag", "Seven Seas Entertainment");
	
REPLACE INTO RelationExemplar (Father, Child, Relation)
VALUES("00000000-0000-0000-0000-000000000007", "00000000-0000-0000-0000-000000000008", -1),
	("00000000-0000-0000-0000-000000000008", "00000000-0000-0000-0000-000000000009", -1),
	("00000000-0000-0000-0000-000000000009", "00000000-0000-0000-0000-000000000010", -1),
	("00000000-0000-0000-0000-000000000010", "00000000-0000-0000-0000-000000000011", -1),
	("00000000-0000-0000-0000-000000000011", "00000000-0000-0000-0000-000000000012", -1),
	("00000000-0000-0000-0000-000000000019", "00000000-0000-0000-0000-000000000020", -1),
	("00000000-0000-0000-0000-000000000020", "00000000-0000-0000-0000-000000000021", -1),
	("00000000-0000-0000-0000-000000000022", "00000000-0000-0000-0000-000000000023", -1),
	("00000000-0000-0000-0000-000000000023", "00000000-0000-0000-0000-000000000024", -1);
	
REPLACE INTO RelationSeries (Father, Child, Relation)
VALUES("00000000-0000-0000-0000-000000000017", "00000000-0000-0000-0000-000000000018", -1);